Name,Affiliation,Citations,H-Index,I10-Index,Interests,Profile Picture URL
"Serge Belongie","University of Copenhagen",144603,110,274,"Computer Vision;Machine Learning","https://scholar.googleusercontent.com/citations?view_op=view_photo&user=chD5XxkAAAAJ&citpid=3"
"Sune Lehmann","Professor, DTU Compute, Technical University of Denmark and Center for Social Data Science",10945,45,73,"Complex Networks;Social Networks;Social Data","https://scholar.googleusercontent.com/citations?view_op=view_photo&user=wvkUbiUAAAAJ&citpid=4"
"Mads Nielsen","Professor of Computer Science, University of Copenhagen",7744,44,143,"Computer Science;Computer vision;Machine Learning;Artificial Intelligence;Medical Applications","https://scholar.googleusercontent.com/citations?view_op=view_photo&user=2QCJXEkAAAAJ&citpid=2"
"Lars Kai Hansen","Professor, Cognitive Systems, DTU Compute, Technical University of Denmark",25788,69,241,"Machine learning;AI;neuroimaging;cognitive systems;signal processing","https://scholar.googleusercontent.com/citations?view_op=view_photo&user=gQVuJh8AAAAJ&citpid=2"
"Thomas Moeslund","Professor, Aalborg University",17875,52,204,"Computer Vision;AI","https://scholar.googleusercontent.com/citations?view_op=view_photo&user=XmkDts4AAAAJ&citpid=1"
"Zheng-Hua Tan","Professor of Machine Learning and Speech Processing, Aalborg University",6340,36,112,"Machine learning;deep learning;speech/speaker recognition;speech processing;multimodal.","https://scholar.googleusercontent.com/citations?view_op=view_photo&user=fugL2E8AAAAJ&citpid=2"
"Dan Witzner Hansen","Professor, IT University of Copenhagen",4594,27,47,"eye information;computer vision;ML;privacy","https://scholar.googleusercontent.com/citations?view_op=view_photo&user=B8A43fgAAAAJ&citpid=3"
"Hans Gellersen","Professor of Interactive Systems, Lancaster University and Aarhus University",18828,70,204,"Human-Computer Interaction;Ubiquitous Computing;Gaze and Eye Movement","https://scholar.googleusercontent.com/citations?view_op=view_photo&user=wmpvU_YAAAAJ&citpid=3"
"Alexandra Andhov","Associate Professor, University of Copenhagen",148,6,2,"corporate law;securities regulation;corporate governance;fintech","https://scholar.googleusercontent.com/citations?view_op=view_photo&user=qRILnmsAAAAJ&citpid=1"
"Alexandros Iosifidis","Professor, Aarhus University",5776,40,121,"Machine Learning;Deep Learning;Computer Vision;Robot Perception;Financial Modeling","https://scholar.googleusercontent.com/citations?view_op=view_photo&user=KjsL0KEAAAAJ&citpid=69"
"Ali Ramezani-Kebrya","Associate Professor (with tenure) in CS at the University of Oslo",343,10,10,"Machine Learning","https://scholar.googleusercontent.com/citations?view_op=view_photo&user=qZ8KukkAAAAJ&citpid=11"
"M.Sc., Ph.D. Allan Peter Engsig-Karup","Associate Professor of Scientific Computing, Technical University of Denmark",1815,21,36,"Scientific Computing;Numerical Methods/Analysis for Differential Equations;High-Performance Computing;Computational Mathemati","https://scholar.googleusercontent.com/citations?view_op=view_photo&user=UbWFbIkAAAAJ&citpid=2"
"Álvaro Torralba","Aalborg University",1010,19,29,"Automated Planning;Heuristic Search;Artificial Intelligence","https://scholar.googleusercontent.com/citations?view_op=view_photo&user=zXjuraoAAAAJ&citpid=4"
"Anders Lyhne Christensen","SDU Biorobotics, MMMI, University of Southern Denmark (SDU)",3939,31,84,"Autonomous robots;artificial intelligence;swarm intelligence;complex systems;evolutionary robotics","https://scholar.googleusercontent.com/citations?view_op=view_photo&user=sKzmsq8AAAAJ&citpid=7"
"Anders Søgaard","Full Professor in NLP and Machine Learning, University of Copenhagen",8997,44,134,"Natural Language Processing;Machine Learning.","https://scholar.googleusercontent.com/citations?view_op=view_photo&user=x3I4CrYAAAAJ&citpid=8"
"Anders Bjorholm Dahl","Professor, Image Analysis, Technical University of Denmark",3683,25,55,"Image analysis","https://scholar.googleusercontent.com/citations?view_op=view_photo&user=WsgfNRMAAAAJ&citpid=2"
"Anders Nymark Christensen","Associate Professor - Technical University of Denmark",597,11,13,"Image analysis;Statistics;Imaging;Machine Learning;Deep learning","https://scholar.googleusercontent.com/citations?view_op=view_photo&user=bkWG4OYAAAAJ&citpid=2"
"Andreas Møgelmose","Assistant professor, Aalborg University",1917,16,20,"Computer vision;Machine learning;AI;Industrial vision;Driver assistance systems","https://scholar.googleusercontent.com/citations?view_op=view_photo&user=OuMmK7kAAAAJ&citpid=3"
"Andreas Aakerberg","PhD. Fellow, Milestone Research Programme at Aalborg University",79,5,3,"Computer vision;Image Processing;Deep Learning","https://scholar.googleusercontent.com/citations?view_op=view_photo&user=DD26PFIAAAAJ&citpid=2"
"Prof. Dr. Anja-Verena Mudring","Aarhus University",8167,48,198,"","https://scholar.googleusercontent.com/citations?view_op=view_photo&user=QFZfklYAAAAJ&citpid=2"
"Anna Sapienza","KU - University of Copenhagen",526,13,18,"Applied mathematics;Network science;Machine learning;Computational social science","https://scholar.googleusercontent.com/citations?view_op=view_photo&user=ghzDSbUAAAAJ&citpid=2"
"Anna Rogers","IT University of Copenhagen",3678,22,27,"Natural Language Processing;Language Models;Artificial Intellifence;AI and society","https://scholar.googleusercontent.com/citations?view_op=view_photo&user=5oCYOE0AAAAJ&citpid=5"
"Anthony Ebert","National Center of Excellence for the Molecular Prediction of Inflammatory Bowel Disease (PREDICT)",77,4,4,"Bayesian statistics;approximate Bayesian computation;distances on data","https://scholar.googleusercontent.com/citations?view_op=view_photo&user=mFPOEqwAAAAJ&citpid=4"
"Aritra Dutta","Assistant Professor, University of Central Florida",462,12,17,"Optimization;Machine Learning;Signal Processing","https://scholar.googleusercontent.com/citations?view_op=view_photo&user=vquoiHsAAAAJ&citpid=3"
"Arnav Arora","University of Copenhagen",192,5,5,"Natural Language Processing;Fact Checking;Computational Social Science","https://scholar.googleusercontent.com/citations?view_op=view_photo&user=EQUUUUoAAAAJ&citpid=1"
"Arpit Bhatia","University of Copenhagen",10,2,0,"HCI;Wearables;Haptics;Human-Centered AI","https://scholar.googleusercontent.com/citations?view_op=view_photo&user=TzSb1OsAAAAJ&citpid=3"
"Arthur Zimek","University of Southern Denmark",14121,49,87,"Data Mining;Outlier Detection;Clustering;High dimensional data;Ensemble Methods","https://scholar.googleusercontent.com/citations?view_op=view_photo&user=Rfc8k-EAAAAJ&citpid=9"
"Aske Mottelson","Assistant Professor, IT University of Copenhagen",681,16,17,"Human-Computer Interaction;Data Science;Experimental Psychology;Extended Reality","https://scholar.googleusercontent.com/citations?view_op=view_photo&user=TJ4FMD8AAAAJ&citpid=7"
"Barbara Plank","Professor, LMU Munich and ITU Copenhagen",5701,39,91,"Natural Language Processing;Computational Linguistics;Machine Learning;Transfer Learning","https://scholar.googleusercontent.com/citations?view_op=view_photo&user=5nGlwIQAAAAJ&citpid=10"
"J. Berian James","Independent",961,13,14,"","https://scholar.googleusercontent.com/citations?view_op=view_photo&user=PABNxQQAAAAJ&citpid=2"
"Bo Sørensen","Assistant Professor, University of Copenhagen",32,4,1,"Chinese history;comparative literature;cognitive literature","https://scholar.googleusercontent.com/citations?view_op=view_photo&user=G6Stf2gAAAAJ&citpid=1"
"Boris Duedder","Associate Professor, University of Copenhagen",531,13,19,"Software engineering;formal methods;programming languages;distributed systems;trustworthy & security","https://scholar.googleusercontent.com/citations?view_op=view_photo&user=0ic62YwAAAAJ&citpid=2"
"Bulat Ibragimov","Associate Professor at University of Copenhagen",3170,28,39,"","https://scholar.googleusercontent.com/citations?view_op=view_photo&user=IPQZ4bkAAAAJ&citpid=3"
"Carmelo Bellardita","Associate professor, Copenhagen University",971,10,10,"Motor control  Spinal cord injury  Recovery of functional movements","N/A"
"Carsten Schürmann","Computer Science, IT University of Copenhagen",2556,23,35,"logical frameworks;type theory;information security;election technologies","https://scholar.googleusercontent.com/citations?view_op=view_photo&user=zZeKV74AAAAJ&citpid=1"
"Cedomir Stefanovic","Professor in Communications and Networking, Aalborg University",5723,35,74,"Communication theory;Wireless networks","https://scholar.googleusercontent.com/citations?view_op=view_photo&user=Yn0o2ekAAAAJ&citpid=6"
"Chen LI","Department of Materials and Production, Aalborg University",365,10,13,"Industry 4.0;System Modeling;Machine Learning;Natural Language Processing","https://scholar.googleusercontent.com/citations?view_op=view_photo&user=mDgw3yoAAAAJ&citpid=3"
"Cheol-Ho Jeong","Associate professor of Acoustics, Technical University of Denmark",1473,21,44,"Acoustics","N/A"
"Christa Gall","Dark Cosmology Centre/Niels Bohr Institute/University of Copenhagen",3095,31,48,"","N/A"
"Christian Igel","Department of Computer Science, University of Copenhagen",16473,52,133,"machine learning;computational intelligence;optimization;computational neuroscience","https://scholar.googleusercontent.com/citations?view_op=view_photo&user=d-jF4zIAAAAJ&citpid=2"
"Christian Hardmeier","Associate Professor, IT University of Copenhagen",1778,21,38,"Natural Language Processing;Machine Translation;Discourse;Bias/Fairness in NLP;Translation Studies","https://scholar.googleusercontent.com/citations?view_op=view_photo&user=AmRp1T0AAAAJ&citpid=1"
"Christian Møller Dahl","University of Southern Denmark",1361,16,23,"Econometrics and Machine Learning","https://scholar.googleusercontent.com/citations?view_op=view_photo&user=Sa49W7kAAAAJ&citpid=1"
"Christina Lioma","Professor in Computer Science,  University of Copenhagen",3326,28,56,"Machine Learning;Information Retrieval;NLP;Artificial Intelligence;Recommender Systems","https://scholar.googleusercontent.com/citations?view_op=view_photo&user=dXkFCYoAAAAJ&citpid=9"
"Christos Markos","DTU Electro, Head of Neural Devices and Gas Photonics group, Technical University of Denmark",3378,30,54,"Advanced materials;Physics;Sensors;Multifunctional devices","https://scholar.googleusercontent.com/citations?view_op=view_photo&user=wOWBlK4AAAAJ&citpid=2"
"Chun Kit Wong","Technical University of Denmark",19,2,1,"medical image analysis;deep learning","N/A"
"Costanza Navarretta","Senior researcher, University of Copenhagen",1453,17,40,"Computational Linguistics;Multimodal Communication","https://scholar.googleusercontent.com/citations?view_op=view_photo&user=9zYEnbIAAAAJ&citpid=3"
"Cumhur Erkut","Associate Professor, Aalborg University Copenhagen",2381,23,48,"Extended Reality;Embodied Interaction;Sonic Interaction Design;Sound Synthesis;Sound and Music Computing","https://scholar.googleusercontent.com/citations?view_op=view_photo&user=NPYFs5EAAAAJ&citpid=7"
"Daniel S. Hain","Associate Professor, Aalborg University Business School",581,14,17,"Data Science;Applied Ecomometrics;Network Analysis;Economics of Technological Change;Complexity Economics","https://scholar.googleusercontent.com/citations?view_op=view_photo&user=7C8kR8EAAAAJ&citpid=3"
"Daniel Hershcovich","University of Copenhagen",1311,16,26,"Natural Language Processing","https://scholar.googleusercontent.com/citations?view_op=view_photo&user=479qIucAAAAJ&citpid=2"
"Daniel Spikol","Associate Professor of Computer Science, University of Copenhagen",2817,20,35,"Learning Analytics;Mobile Learning;Interaction Design;CSCL;TEL","https://scholar.googleusercontent.com/citations?view_op=view_photo&user=q_61LpYAAAAJ&citpid=1"
"Daniel Michelsanti","Data Scientist (Medical Image Analysis) @ Novo Nordisk",600,7,7,"Machine Learning;Speech Processing;Computer Vision","https://scholar.googleusercontent.com/citations?view_op=view_photo&user=Rk4O2mEAAAAJ&citpid=3"
"Darko Zibar","Professor, Group leader Machine Learning in Photonic Systems,Technical University of Denmark",6459,40,136,"optical communication;machine learning;photonics","https://scholar.googleusercontent.com/citations?view_op=view_photo&user=ir13bnAAAAAJ&citpid=3"
"Davide Mottin","Associate Professor, Department of Computer Science, Aarhus University",1193,17,24,"graph mining;database usability;machine learning;data mining","https://scholar.googleusercontent.com/citations?view_op=view_photo&user=evZ9Q9EAAAAJ&citpid=5"
"Dennis Ulmer","IT University of Copenhagen",144,6,6,"Natural Language Processing;Machine Learning;Deep Learning;Generalization;Uncertainty Quantification","https://scholar.googleusercontent.com/citations?view_op=view_photo&user=rn9WoaEAAAAJ&citpid=8"
"Desmond Elliott","Assistant Professor, University of Copenhagen",3602,24,42,"Multimodal Machine Learning;Language and Vision;Natural Language Processing","https://scholar.googleusercontent.com/citations?view_op=view_photo&user=OjYpMi4AAAAJ&citpid=2"
"Dimitrios Chrysostomou","Associate Professor, Aalborg University",1160,17,29,"Intelligent robotics;Human – robot interaction;Collaborative robots;Multi-camera systems;Robot ethics","https://scholar.googleusercontent.com/citations?view_op=view_photo&user=bPSVAdQAAAAJ&citpid=7"
"Dim P. Papadopoulos","Associate Professor, Technical University of Denmark",1099,13,13,"Computer Vision;Machine Learning","https://scholar.googleusercontent.com/citations?view_op=view_photo&user=-_JAhdQAAAAJ&citpid=2"
"Dimitrios Stamou","Professor, Department of Chemistry, University of Copenhagen",6976,43,61,"Membrane biophysics;Membrane geometry;Single molecules;GPCRs;Transporters","https://scholar.googleusercontent.com/citations?view_op=view_photo&user=FvkfeBYAAAAJ&citpid=3"
"Efren Fernandez-Grande","Associate Professor, Technical University of Denmark",1710,21,44,"Acoustics;Signal Processing;Sound Field Analysis","https://scholar.googleusercontent.com/citations?view_op=view_photo&user=dkDABF8AAAAJ&citpid=5"
"Efren Fernandez-Grande","Associate Professor, Technical University of Denmark",1710,21,44,"Acoustics;Signal Processing;Sound Field Analysis","https://scholar.googleusercontent.com/citations?view_op=view_photo&user=dkDABF8AAAAJ&citpid=5"
"Eike Petersen","DTU Compute,Technical University of Denmark",147,8,7,"Responsible Machine Learning;Biomedical Signal Processing;Mathematical Modelling;Statistical Inference;Algorithmic Fairness","https://scholar.googleusercontent.com/citations?view_op=view_photo&user=juRQtRgAAAAJ&citpid=3"
"Elias Najarro","PhD fellow, IT University of Copenhagen",156,5,3,"Machine learning;Evolutionary computation;Computational neuroscience;Self-organization;AI for Science","https://scholar.googleusercontent.com/citations?view_op=view_photo&user=x7EcQBMAAAAJ&citpid=5"
"Elizabeth Baker","University of Copenhagen",2,1,0,"stochastics;shape spaces;geometry","N/A"
"Erik B Dam","University of Copenhagen, Cerebriu",5630,30,57,"Medical Image Analysis;Data Science","https://scholar.googleusercontent.com/citations?view_op=view_photo&user=X_SLVUIAAAAJ&citpid=2"
"Esmaeil S. Nadimi","Prof. Maersk Mc-Kinney Moller Inst, University of Southern Denmark",1829,19,33,"Artificial Intelligence;Biomedical Engineering;Control Theory;Random Matrix Theory","https://scholar.googleusercontent.com/citations?view_op=view_photo&user=hTIEBuEAAAAJ&citpid=3"
"Fabian M. Mager","PhD student",25,1,1,"Medical Imaging;Machine Learning;Self-Supervised Learning","https://scholar.googleusercontent.com/citations?view_op=view_photo&user=8hHnlTgAAAAJ&citpid=3"
"Federico Delussu","PhD student",40,3,2,"Data Science;Time Series;Causality","https://scholar.googleusercontent.com/citations?view_op=view_photo&user=3yO7jOgAAAAJ&citpid=1"
"Finn Årup Nielsen","Associate Professor, DTU Compute, Technical University of Denmark",7890,35,62,"Neuroinformatics;Wikipedia;meta-analysis;data mining;sentiment analysis","N/A"
"Francesco Da Ros","Technical University of Denmark",3408,28,76,"Optical Computing;Optical communication;Signal Processing;Machine Learning;Nonlinear Optics","https://scholar.googleusercontent.com/citations?view_op=view_photo&user=9rLWY_YAAAAJ&citpid=1"
"Galadrielle Humblot-Renaux","Visual Analysis and Perception lab, Aalborg University",14,2,0,"deep learning;computer vision;robotic perception","N/A"
"Germans Savcisens","PhD Student in Computational Social Sciences @ Technical University of Denmark",2,1,0,"foundation models;natural language processing;fairness;time-series;human behaviour","https://scholar.googleusercontent.com/citations?view_op=view_photo&user=60I1M-oAAAAJ&citpid=1"
"Guandao Yang","Stanford",1057,9,9,"Computer Vision;Deep Learning;Machine Learning;Computer Graphics","https://scholar.googleusercontent.com/citations?view_op=view_photo&user=_kElCmMAAAAJ&citpid=9"
"Guido Makransky","Professor of Psychology, University of Copnhagen",6504,35,65,"Virtual learning;Educational psychology;Technology enhanced learning;XR;Immersive learning","https://scholar.googleusercontent.com/citations?view_op=view_photo&user=syi-4TwAAAAJ&citpid=2"
"Hang Yin","Tenure-track Assistant Professor, University of Copenhagen",638,12,17,"Robotics;Machine Learning;Artificial Intelligence","N/A"
"Henning Christiansen","Professor of Computer Science",1480,20,42,"Computer Science;AI;Medical applications of AI;Artistic installations","N/A"
"Hua LU","Professor of Computer Science, Roskilde University, Denmark",5236,39,80,"Data Management;Spatial Data;Location-based Services;Data Science;GIS","https://scholar.googleusercontent.com/citations?view_op=view_photo&user=h1mExmcAAAAJ&citpid=4"
"Hubert Dariusz Zając","University of Copenhagen",30,3,1,"","https://scholar.googleusercontent.com/citations?view_op=view_photo&user=rr-Z8FAAAAAJ&citpid=2"
"Hugo Andrés López","Associate Professor, Technical University of Denmark",425,13,17,"Business process management;Distributed Systems;Modeling and Verification","https://scholar.googleusercontent.com/citations?view_op=view_photo&user=ZNtN05IAAAAJ&citpid=9"
"Ioannis Caragiannis","Professor of Computer Science, Aarhus University",4772,39,80,"Theoretical Computer Science;Algorithms;Artificial Intelligence;Algorithmic Game Theory;Computational Social Choice","https://scholar.googleusercontent.com/citations?view_op=view_photo&user=FSIQi4IAAAAJ&citpid=7"
"Isabelle Augenstein","Full Professor, Department of Computer Science, University of Copenhagen",5087,34,77,"Natural Language Processing;Machine Learning","https://scholar.googleusercontent.com/citations?view_op=view_photo&user=DjJp0dcAAAAJ&citpid=6"
"Ivan Nikolov","Assistant Professor, Aalborg University",178,6,5,"Computer Graphics;Deep Learning;Augmented and Virtual Reality;Computer Vision;3D reconstruction","https://scholar.googleusercontent.com/citations?view_op=view_photo&user=K2m6cxcAAAAJ&citpid=2"
"Iván López-Espejo","Aalborg University",245,10,10,"Robust speech recognition;Statistical signal processing;Speaker verification;Speech enhancement;Machine learning","https://scholar.googleusercontent.com/citations?view_op=view_photo&user=MRePLRQAAAAJ&citpid=12"
"Ivana Konvalinka","Cognitive Systems, DTU Compute, Technical University of Denmark",2877,19,22,"Social neuroscience;joint action;coordination;hyperscanning;EEG","https://scholar.googleusercontent.com/citations?view_op=view_photo&user=lOM8LloAAAAJ&citpid=12"
"Jacopo Mauro","University of Southern Denmark",1311,19,45,"Optimization;DevOps;Choreographic Programming;Formal Methods;Cybersecurity","https://scholar.googleusercontent.com/citations?view_op=view_photo&user=brh_I2kAAAAJ&citpid=2"
"Jakob E. Bardram","Professor in computer science, Technical University of Denmark",11271,54,144,"human computer interaction;ubiquitous computing;digital health;mobile sensing","https://scholar.googleusercontent.com/citations?view_op=view_photo&user=VqgHPskAAAAJ&citpid=2"
"Jalal Kazempour","Associate Professor, Technical University of Denmark (DTU)",3685,34,67,"Energy Markets;Power Systems;Operations Research;Optimization;Game Theory","https://scholar.googleusercontent.com/citations?view_op=view_photo&user=paWy7YYAAAAJ&citpid=17"
"Jan Østergaard","Full Professor, Aalborg University",1946,21,45,"Information theory;statistical signal processing;acoustic signal processing;networked control theory;EEG signal processing","https://scholar.googleusercontent.com/citations?view_op=view_photo&user=P7rpiNUAAAAJ&citpid=1"
"Jannick Kirk Sørensen","Associate professor in Digital Media, Dept. of Electronic Systems, Aalborg University, Denmark",476,13,15,"Personalisation technologies;algorithmic bias;diversity;public service media","https://scholar.googleusercontent.com/citations?view_op=view_photo&user=mgOOAPQAAAAJ&citpid=1"
"Jason W. Burton","Copenhagen Business School",440,5,4,"computational social science;judgment & decision making;social networks;collective intelligence","https://scholar.googleusercontent.com/citations?view_op=view_photo&user=-uFQHacAAAAJ&citpid=1"
"JASPREET KAUR","Assistant Professor at Neuroscience department, University of Copenhagen",128,7,5,"Motor Control;Spinal Cord Injury;Locomotion;Clinical Pharmacology;Neuroprotection","https://scholar.googleusercontent.com/citations?view_op=view_photo&user=vdUTAyAAAAAJ&citpid=6"
"Jens Egholm Pedersen","KTH",71,3,2,"neuroscience;computer science;robotics","https://scholar.googleusercontent.com/citations?view_op=view_photo&user=A4VwxccAAAAJ&citpid=1"
"Jens Ulrik Hansen","Associate Professor, Roskilde University",448,12,14,"Artificial Intelligence;Data Science and Machine Learning;Big Data;Formal and social epistemology;Logics for intelligent int","https://scholar.googleusercontent.com/citations?view_op=view_photo&user=z-2DGOEAAAAJ&citpid=3"
"Jes Frellsen","Associate Professor, Technical University of Denmark (DTU)",1352,19,29,"Deep Learning;Deep generative models;Statistical Machine Learning;Directional Statistics;Bioinformatics","https://scholar.googleusercontent.com/citations?view_op=view_photo&user=Yj2sBWkAAAAJ&citpid=3"
"Jichen Zhu","Associate Professor, IT University of Copenhagen",1720,20,51,"human AI interaction;personalized adaptive games","https://scholar.googleusercontent.com/citations?view_op=view_photo&user=t5AZ2-AAAAAJ&citpid=2"
"Joakim Juhl","Technical University of Munich, Department of STS",257,6,4,"STS;Science;Innovation and Design","N/A"
"Joakim Bruslund Haurum","Postdoc, Aalborg University / Pioneer Centre for AI",309,7,7,"Computer Vision;Machine Learning;Automated Sewer Inspection;Marine Vision","https://scholar.googleusercontent.com/citations?view_op=view_photo&user=GAEtgr4AAAAJ&citpid=2"
"Joanna Bergström","Human-Centered Computing Section, Department of Computer Science, University of Copenhagen",672,13,16,"Human–Computer Interaction","https://scholar.googleusercontent.com/citations?view_op=view_photo&user=NL1Q89sAAAAJ&citpid=2"
"Jon Sporring","University of Copenhagen",2561,20,41,"(Medical) Image Processing;Computer Graphics;Information Theory","https://scholar.googleusercontent.com/citations?view_op=view_photo&user=COP1HUwAAAAJ&citpid=2"
"Jonas Peters","Professor of Statistics, ETH Zurich",10519,36,52,"Causal Inference;Statistics;Machine Learning","https://scholar.googleusercontent.com/citations?view_op=view_photo&user=kBQ4VvEAAAAJ&citpid=6"
"Jonas L. Juul","Institute for Applied Mathematics and Computer Science, Technical University of Denmark",174,6,4,"Networks;Spreading processes;Complex Systems;Data Science;Computational Social Science","https://scholar.googleusercontent.com/citations?view_op=view_photo&user=uJPXFyMAAAAJ&citpid=11"
"Jonas Valbjørn Andersen","IT University of Copenhagen",167,5,4,"Distributed Information Systems;Blockchain governance;Internet of Things (IoT) ecosystems;Digital transformation","https://scholar.googleusercontent.com/citations?view_op=view_photo&user=gs8NZNsAAAAJ&citpid=6"
"Kaare Mikkelsen","Dept. of Electrical and Computer Engineering, Aarhus University",888,15,18,"neurophysics;mobile eeg;sleep;machine learning","https://scholar.googleusercontent.com/citations?view_op=view_photo&user=DL5CvZoAAAAJ&citpid=3"
"Kamal Nasrollahi","Aalborg University/ Milestone Systems",3346,29,60,"Machine Learning and Computer Vision","https://scholar.googleusercontent.com/citations?view_op=view_photo&user=EqjkO6sAAAAJ&citpid=2"
"Kasper Hornbæk","University of Copenhagen",13436,53,144,"Human-computer interaction;information visualization;large displays;tangible user interfaces;user experience","https://scholar.googleusercontent.com/citations?view_op=view_photo&user=S6VMDA8AAAAJ&citpid=5"
"Kasper Green Larsen","Professor, Computer Science, Aarhus University",2191,28,50,"Data Structures;Computational Geometry;Theoretical Computer Science;Machine Learning;Complexity Theory","https://scholar.googleusercontent.com/citations?view_op=view_photo&user=ZluoxUcAAAAJ&citpid=5"
"Katja Hose","Professor, TU Wien, Aalborg University",4519,26,78,"Databases;Knowledge Engineering;Knowledge Graphs;Semantic Web","N/A"
"Ken Pfeuffer","Assistant Professor, Aarhus University",1416,20,26,"Human Computer Interaction;Eye Tracking;Virtual Reality;Augmented Reality;UI Design","https://scholar.googleusercontent.com/citations?view_op=view_photo&user=AqmxADkAAAAJ&citpid=5"
"Kenny Erleben","Professor, Department of Computer Science, University of Copenhagen",2018,20,43,"Computer Simulation;Numerical Optimization;Computer Graphics","https://scholar.googleusercontent.com/citations?view_op=view_photo&user=CQkvlpUAAAAJ&citpid=6"
"Kilian Zepf","PhD, Technical University of Denmark",10,2,0,"Machine Learning;Computer Vision;Uncertain Segmentation","https://scholar.googleusercontent.com/citations?view_op=view_photo&user=epo_gP0AAAAJ&citpid=5"
"Kim Steenstrup Pedersen","Department of computer science, University of Copenhagen",1604,17,29,"Computer vision;computer vision for natural history and cultural heritage;image analysis;machine learning;pattern recognitio","https://scholar.googleusercontent.com/citations?view_op=view_photo&user=RzH2vKQAAAAJ&citpid=2"
"Kiril Klein","PhD Fellow, University of Copenhagen",4,2,0,"deep learning;pharmacovigilance;EHR;neuroimaging","https://scholar.googleusercontent.com/citations?view_op=view_photo&user=8k9TwncAAAAJ&citpid=3"
"Kristian Olesen","Aalborg University",730,14,16,"spatial planning;planning theory","https://scholar.googleusercontent.com/citations?view_op=view_photo&user=K9aQCYQAAAAJ&citpid=1"
"Kristin Kaltenhäuser","University of Copenhagen",4,1,0,"","https://scholar.googleusercontent.com/citations?view_op=view_photo&user=cOSBlXgAAAAJ&citpid=2"
"Kristjan Eldjarn Hjorleifsson","Caltech",1522,10,10,"Generative Music;Music Information Retrieval;Machine Learning;Statistical Learning;Genetics","https://scholar.googleusercontent.com/citations?view_op=view_photo&user=K1H_xSgAAAAJ&citpid=3"
"Kristoffer Hougaard Madsen","Danish Research for Magnetic Resonance, Copenhagen University Hospital Hvidovre",7721,39,86,"Neuroimaging;machine learning;fMRI;EEG;brain stimulation","https://scholar.googleusercontent.com/citations?view_op=view_photo&user=2SFcdW0AAAAJ&citpid=5"
"Kyveli Kompatsiari","Postdoc, Sinelab, DTU Compute",428,11,11,"Social interaction;Social cogntion;Human-Robot Interaction","https://scholar.googleusercontent.com/citations?view_op=view_photo&user=p8N1pgkAAAAJ&citpid=1"
"Lasse Heje Pedersen","Copenhagen Business School, NYU, AQR, and CEPR",41013,51,75,"asset pricing;liquidity risk;trading strategies;efficiently inefficient markets","https://scholar.googleusercontent.com/citations?view_op=view_photo&user=XhSFeucAAAAJ&citpid=4"
"Laura Alessandretti","Technical University of Denmark",1726,16,19,"Complex Networks;Human behavior;Computational Social Science","https://scholar.googleusercontent.com/citations?view_op=view_photo&user=2265XuYAAAAJ&citpid=3"
"Lazaros Nalpantidis","Professor, DTU - Technical University of Denmark",3259,24,49,"Autonomous Systems;Robot Perception","https://scholar.googleusercontent.com/citations?view_op=view_photo&user=YAx9230AAAAJ&citpid=3"
"Leon Derczynski","ITU Copenhagen & University of Washington",6347,29,65,"Natural Language Processing;Machine Learning;Efficient NLP;Online Harms;LLM Security","https://scholar.googleusercontent.com/citations?view_op=view_photo&user=d8iwqa8AAAAJ&citpid=13"
"Léonard Van Rompaey","Industrial postdoctoral researcher",38,2,1,"law;artificial intelligence;robots;technology","https://scholar.googleusercontent.com/citations?view_op=view_photo&user=Ifwn1J8AAAAJ&citpid=2"
"Li Quan","University of Copenhagen",40,4,1,"blockchain;coding theory;information theory","https://scholar.googleusercontent.com/citations?view_op=view_photo&user=g4WpWPwAAAAJ&citpid=1"
"Line H. Clemmensen","Technical Universtiy of Denmark",2051,20,32,"Machine learning;multivariate statistics;statistical modelling;sparse modelling","https://scholar.googleusercontent.com/citations?view_op=view_photo&user=_S285OAAAAAJ&citpid=2"
"Line Reinhardt","Associate Professor Department of People and Technology Roskilde University",640,11,13,"Operations Research - Routing and Scheduling - Liner Shipping - Airport Optimization","https://scholar.googleusercontent.com/citations?view_op=medium_photo&user=-1qVGF4AAAAJ&citpid=3"
"Louis Boucherie","PhD Student at Technical University of Denmark",3,1,0,"complex systems;network science","N/A"
"Louise Pape-Haugaard","Associate professor, Department of Health Science and Technology, Medical Informatics, Aalborg",229,8,6,"Medical Informatics;Interoperability;Information modelling;Big Data","https://scholar.googleusercontent.com/citations?view_op=view_photo&user=05FE5m4AAAAJ&citpid=2"
"Louise Barkhuus","Professor, The IT University of Copenhagen and Rutgers University",5437,30,55,"Human computer interaction;Ubiquitous computing;Privacy","https://scholar.googleusercontent.com/citations?view_op=view_photo&user=dAeFXDcAAAAJ&citpid=2"
"Luca Maria Aiello","IT University of Copenhagen",5067,32,68,"Computational Social Science;Network Science;Data Science;Urban Informatics;Natural Language Processing","https://scholar.googleusercontent.com/citations?view_op=view_photo&user=FIX-7hcAAAAJ&citpid=4"
"Mads Hobye","Computer Science, Roskilde University",532,8,7,"Interaction Design;Tangible Computing;Physical Computing;art + technology","https://scholar.googleusercontent.com/citations?view_op=view_photo&user=R1XUBjUAAAAJ&citpid=1"
"Mahshid Javidsharifi","Aalborg University",446,8,7,"Energy Management;Optimization;Microgrids and Smart grids;Photovoltaics;Storage devices","https://scholar.googleusercontent.com/citations?view_op=view_photo&user=97mDiGwAAAAJ&citpid=3"
"Malte Pedersen","PhD, Aalborg University",221,6,6,"computer vision;marine vision;machine learning","https://scholar.googleusercontent.com/citations?view_op=view_photo&user=RREDgy4AAAAJ&citpid=1"
"Mantas Cibulskis","Unknown affiliation",16,2,1,"","N/A"
"Manxi Lin","Ph.D. student, Technical University of Denmark",166,3,1,"explainable AI;ultrasound imaging;point cloud analysis;intelligent fault diagnosis","https://scholar.googleusercontent.com/citations?view_op=view_photo&user=RApnUsEAAAAJ&citpid=7"
"Marco Chiarandini","University of Southern Denmark",2277,20,36,"Timetabling;Metaheuristics;Experimental Analysis;Operations Research;Graph Coloring","N/A"
"Marco Pizzolato","Assistant Professor at DTU (DTU Compute)",687,12,14,"MRI;diffusion MRI;DTI;perfusion MRI;Dynamic Susceptibility Contrast MRI","https://scholar.googleusercontent.com/citations?view_op=view_photo&user=3I7B2DYAAAAJ&citpid=8"
"Margherita Lazzaretto","Ph.D. student, University of Copenhagen",5,2,0,"","N/A"
"marjan mansourvar","Technical University of Denmark - DTU",474,11,12,"Big Data Analytics;Machine Learning;Healthcare Informatics;Information System;Artificial Intelligence","https://scholar.googleusercontent.com/citations?view_op=view_photo&user=tPhAEvEAAAAJ&citpid=6"
"Martin G. Tolsgaard, PhD DMSc","Professor, CAMES, Copenhagen University Hospital Rigshospitalet, and University of Copenhagen",2296,25,53,"Medical education;simulation-based medical education;assessment","https://scholar.googleusercontent.com/citations?view_op=view_photo&user=SVu_X0sAAAAJ&citpid=1"
"Martin Bøgsted","Professor in Clinical Bioinformatics and Statistics, Aalborg University",3732,33,103,"Bioinformatics and Statistics","N/A"
"Martin Nørgaard","Assistant Professor of Computer Science @ University of Copenhagen",557,13,16,"Machine Learning;Neurobiology;Statistics","https://scholar.googleusercontent.com/citations?view_op=view_photo&user=EMYkDoQAAAAJ&citpid=1"
"Matthew Collins","University of Cambridge / Copenhagen",25001,88,242,"Archaeology;Biomolecular_Archaeology","https://scholar.googleusercontent.com/citations?view_op=view_photo&user=oWhB_2oAAAAJ&citpid=2"
"Max Müller-Eberstein","IT University of Copenhagen",30,3,1,"Artificial Intelligence;Natural Language Processing;Representation Learning","https://scholar.googleusercontent.com/citations?view_op=view_photo&user=mI392-4AAAAJ&citpid=3"
"Melanie Ganz","Department of Computer Science, University of Copenhagen",1249,17,31,"Medical Image Analysis","https://scholar.googleusercontent.com/citations?view_op=view_photo&user=5AXE0skAAAAJ&citpid=4"
"Michael J. Kastoryano","IT University of Copenhagen and AWS",10334,23,30,"Quantum information science","https://scholar.googleusercontent.com/citations?view_op=view_photo&user=2roUPxkAAAAJ&citpid=1"
"Michael Szell","IT University of Copenhagen",4079,25,30,"Urban Data Science;Human Mobility;Sustainable Transport;Network Science;Social Networks","https://scholar.googleusercontent.com/citations?view_op=view_photo&user=3kwJhIcAAAAJ&citpid=6"
"Michael Friis Lippert","Chemometec",394,7,7,"Deep learning;image analysis;pathology;histology;cytometry","N/A"
"Miguel González-Duque","IT University of Copenhagen",65,6,2,"Probabilistic Modeling;Gaussian Processes;Bayesian Optimization;Differential Geometry;Procedural Content Generation","https://scholar.googleusercontent.com/citations?view_op=view_photo&user=eje0FAYAAAAJ&citpid=1"
"Mihai Moldovan","Center for Neuroscience, Univ Copenhagen, DK; Medical School, "Carol Davila" Univ, Bucharest, RO",2137,27,52,"","https://scholar.googleusercontent.com/citations?view_op=view_photo&user=f5GoytcAAAAJ&citpid=3"
"Mikkel N. Schmidt","Technical University of Denmark",3222,26,50,"Machine learning;Statistics;Source separation;Bayesian statistics","https://scholar.googleusercontent.com/citations?view_op=view_photo&user=IjF4ExkAAAAJ&citpid=3"
"Mikkel Baun Kjærgaard","Professor in Software Engineering, University of Southern Denmark",5621,33,78,"Ubiquitous Computing;Software Technology;Internet of Things;Artificial Intelligence","https://scholar.googleusercontent.com/citations?view_op=view_photo&user=rWlCJVQAAAAJ&citpid=5"
"Ming Shen","Aalborg University",1545,21,32,"RFIC;UWB;5G;localisation;beam forming","https://scholar.googleusercontent.com/citations?view_op=view_photo&user=3m43L38AAAAJ&citpid=1"
"Mirabelle Jones","University of Copenhagen",3,1,0,"Artificial Intelligence;Ethics;Critical Technical Practice;Artistic Research","https://scholar.googleusercontent.com/citations?view_op=view_photo&user=VY92sIoAAAAJ&citpid=1"
"M. Sadegh Talebi","Assistant Professor of Computer Science, University of Copenhagen",891,15,24,"Reinforcement Learning;Multi-Armed Bandits;Machine Learning;Resource Allocation","https://scholar.googleusercontent.com/citations?view_op=view_photo&user=Q4_AHDYAAAAJ&citpid=8"
"Morten Arngren","Lead Data Scientist, Wunderman",242,5,5,"Machine Learning;Adtech","N/A"
"Morten Mørup","Section for Cognitive Systems, Technical University of Denmark",5047,31,74,"Machine Learning;Neuroimaging;Complex Networks;Bayesian Modeling","https://scholar.googleusercontent.com/citations?view_op=view_photo&user=RQonsgMAAAAJ&citpid=2"
"Morten Rieger Hannemose","Assistant Professor, Technical University of Denmark",42,4,1,"","https://scholar.googleusercontent.com/citations?view_op=view_photo&user=AH58CjUAAAAJ&citpid=2"
"Morten Bo Søndergaard Svendsen","M.Sc.Eng., PhD",1803,24,36,"Computer vision;Physiology;Motion","https://scholar.googleusercontent.com/citations?view_op=view_photo&user=U7YuapkAAAAJ&citpid=1"
"Mostafa Mehdipour Ghazi","University of Copenhagen",1097,12,12,"Deep Learning;Machine Learning;Artificial Intelligence;Computer Vision;Image Analysis","https://scholar.googleusercontent.com/citations?view_op=view_photo&user=8LoF2mEAAAAJ&citpid=1"
"Natalia-Rozalia Avlona","University of Copenhagen",13,2,0,"Law;Computer Science;Medical Data;AI","N/A"
"Natália da Silva Perez","Erasmus University Rotterdam",9,1,0,"Women's History;Early Modern History;Digital Humanities","https://scholar.googleusercontent.com/citations?view_op=view_photo&user=HQqQokQAAAAJ&citpid=2"
"Nico Lang","University of Copenhagen, DIKU, Pioneer Centre for AI",501,8,8,"Computer Vision;Machine Learning;Remote Sensing;Deep Learning;Image Analysis","https://scholar.googleusercontent.com/citations?view_op=view_photo&user=bVZtKsQAAAAJ&citpid=1"
"Nico Wunderlich","IT University of Copenhagen, Information Systems and Digital Innovation (ISDI) research group",178,8,4,"Digital Business Strategy;IT Leadership;Artificial Intelligence;IT Climate;IT Capabilities","N/A"
"Niels van Berkel","Aalborg University",2396,25,54,"Human Computer Interaction;Ubiquitous Computing;Social Computing;Human-AI Interaction;Experience Sampling","https://scholar.googleusercontent.com/citations?view_op=view_photo&user=0VfMvLsAAAAJ&citpid=6"
"Niklas Pfister","Associate Professor, University of Copenhagen",497,10,10,"","N/A"
"Nikolaos Nakis","PhD Student @ Technical University of Denmark",9,2,0,"Machine Learning;Graph Representation Learning;Complex Networks","https://scholar.googleusercontent.com/citations?view_op=view_photo&user=aBbL2BkAAAAJ&citpid=1"
"Nora Hollenstein","University of Copenhagen",810,16,25,"Natural Language Processing;Cognitive Science;Machine Learning","https://scholar.googleusercontent.com/citations?view_op=view_photo&user=vxvmkskAAAAJ&citpid=7"
"Ole Winther","Biology, Univ of Copenhagen, Genomic Medicine, Rigshospitalet and Technical University of Denmark",20855,62,153,"machine learning;bioinformatics;deep learning;artificial intelligence","https://scholar.googleusercontent.com/citations?view_op=view_photo&user=7VAwhzUAAAAJ&citpid=2"
"Olga Iarygina","University of Copenhagen",5,1,0,"Human-Computer Interaction;Information Visualization;Metascience;Experimental Psychology","https://scholar.googleusercontent.com/citations?view_op=view_photo&user=9zk2nZoAAAAJ&citpid=6"
"Oswin Krause","Department of Computer Science, University of Copenhagen",410,12,14,"Computer science","N/A"
"Pablo Moreno-Muñoz","Postdoc, Technical University of Denmark (DTU)",187,7,5,"Machine Learning;Artificial Intelligence;Bayesian Inference;Gaussian Processes","https://scholar.googleusercontent.com/citations?view_op=view_photo&user=8vL8iawAAAAJ&citpid=8"
"Panagiotis Karras","Associate Professor, Aarhus University",3862,28,48,"Data Management;Scalable Machine Learning;Data Mining;Privacy;Artificial Intelligence","https://scholar.googleusercontent.com/citations?view_op=view_photo&user=B6C4aBoAAAAJ&citpid=2"
"Paolo Burelli","Associate Professor",489,15,16,"Artificial Intelligence;Data Mining;Computer Games","https://scholar.googleusercontent.com/citations?view_op=view_photo&user=cWWAQPYAAAAJ&citpid=3"
"Paraskevas Pegios","Technical University of Denmark",13,2,1,"","https://scholar.googleusercontent.com/citations?view_op=view_photo&user=LVACmX4AAAAJ&citpid=1"
"Paul Jeha","Technical University of Denmark",18,1,1,"Deep Learning;Generative Models;GAN;Neural ODE;Neural SDE","https://scholar.googleusercontent.com/citations?view_op=view_photo&user=Ate9tL0AAAAJ&citpid=1"
"Peter Schneider-Kamp","Professor of Computer Science, University of Southern Denmark",3391,30,54,"Artificial Intelligence;Automated Reasoning;Declarative Programming;Programming Languages;Software Verification","N/A"
"Peter Mørch Groth","Industrial PhD student, University of Copenhagen and Novozymes A/S",1,1,0,"","https://scholar.googleusercontent.com/citations?view_op=view_photo&user=UO0Z4PIAAAAJ&citpid=1"
"Peter Sestoft","Professor, IT University of Copenhagen",5441,26,47,"programming languages;software development;functional programming;programming language implementation","https://scholar.googleusercontent.com/citations?view_op=view_photo&user=qz1BCu8AAAAJ&citpid=1"
"Peter Ebert Christensen","University of Copenhagen",54,3,2,"Natural language processing;Deep unsupervised Learning;Human-Computer Interaction","https://scholar.googleusercontent.com/citations?view_op=view_photo&user=6MejXVYAAAAJ&citpid=2"
"Peter Møllgaard","PhD Student, DTU Compute, Technical University of Denmark",24,1,1,"Deep Learning;Human Behaviour;Social Data","https://scholar.googleusercontent.com/citations?view_op=view_photo&user=fOsXIgcAAAAJ&citpid=2"
"Peter Gorm Larsen","Aarhus University",7675,37,122,"formal methods;VDM;cyber-physical systems;digital twins;systems of systems","https://scholar.googleusercontent.com/citations?view_op=view_photo&user=ooFozxQAAAAJ&citpid=3"
"Pınar Tözün","IT University of Copenhagen",930,15,24,"databases;hardware;machine learning;edge","https://scholar.googleusercontent.com/citations?view_op=view_photo&user=JTmMb3kAAAAJ&citpid=3"
"Rafael Wisniewski","Aalborg University, Department of Electronic Systems",3981,30,94,"hybrid systems;mathematical control theory;safety;security;critical infrastructure","https://scholar.googleusercontent.com/citations?view_op=view_photo&user=uoH_txQAAAAJ&citpid=2"
"Raghavendra Selvan","Assistant Professor (TT), University of Copenhagen",822,13,13,"Efficient Machine Learning;Medical Image Analysis;AI for Science","https://scholar.googleusercontent.com/citations?view_op=view_photo&user=R9VBQ54AAAAJ&citpid=4"
"Rasmus R. Paulsen","Professor in Medical Image Analysis, DTU Compute, Technical University of Denmark",1723,22,46,"Medical Image Analysis;Statistical Shape Analysis;Geometric deep learning;metric learning;cardiovascular diseases.","https://scholar.googleusercontent.com/citations?view_op=view_photo&user=UkOaTWAAAAAJ&citpid=4"
"Richard Michael","PhD fellow, University of Copenhagen",1,1,0,"Bayesian Optimization;Probabilistic Machine Learning","N/A"
"Rikke Gade","Associate professor, Aalborg University",1528,17,19,"Computer Vision;Thermal Imaging;Robotics;Computer Vision in Sports","https://scholar.googleusercontent.com/citations?view_op=view_photo&user=WqLUZY8AAAAJ&citpid=1"
"rob van der goot","Postdoc IT university of Copenhagen",811,15,23,"Natural language processing;parsing;domain adaptation","https://scholar.googleusercontent.com/citations?view_op=view_photo&user=lU4zpOEAAAAJ&citpid=1"
"Robert Jenssen","Visual Intelligence, UiT The Arctic University of Norway & Norw. Comp. Center & P1 Centre AI, UCPH",7296,37,98,"Machine learning;information theoretic learning;kernel methods;deep learning;health data analytics","https://scholar.googleusercontent.com/citations?view_op=view_photo&user=HiviXjIAAAAJ&citpid=5"
"Roberta Sinatra","Professor, University of Copenhagen",4683,25,29,"Computational Social Science;Network Science;Science of Science;Data Science;Complex Systems","https://scholar.googleusercontent.com/citations?view_op=view_photo&user=PL8nGh4AAAAJ&citpid=7"
"Roberto Galeazzi","Technical University of Denmark",1506,18,33,"Path planning;Sensor fusion;Nonlinear and adaptive control;Fault diagnosis and Fault tolerant control;Statistical change det","https://scholar.googleusercontent.com/citations?view_op=view_photo&user=aqvfXLcAAAAJ&citpid=4"
"Roman Jurowetzki","Associate Professor, Aalborg University",530,11,13,"applied data science;innovation studies;technological change","https://scholar.googleusercontent.com/citations?view_op=view_photo&user=9Zwa75gAAAAJ&citpid=8"
"Rune W. Berg","Department of Neuroscience, University of Copenhagen",2495,20,30,"Motor control;neuronal networks;motor pattern generation","https://scholar.googleusercontent.com/citations?view_op=view_photo&user=x1QHxIUAAAAJ&citpid=3"
"Sagie Benaim","Postdoc, University of Copenhagen",1196,15,17,"Computer Vision;Machine Learning","https://scholar.googleusercontent.com/citations?view_op=view_photo&user=-zSM2I8AAAAJ&citpid=1"
"Salif Axel Komi","Postdoctoral Researcher, University of Copenhagen",1114,6,6,"Spinal Cord;Network Dynamics;Motor Control;Sensory integration;Neuromodulation","https://scholar.googleusercontent.com/citations?view_op=view_photo&user=4VxBgJMAAAAJ&citpid=1"
"Samir Bhatt","Professor of Machine Learning and Public Health University of Copenhagen",74398,84,166,"Malaria;Infectious diseases;COVID-19;Machine Learning;Mathematical Biology","https://scholar.googleusercontent.com/citations?view_op=view_photo&user=tL0x_vUAAAAJ&citpid=3"
"Samuel Demharter","Genmab",710,10,10,"Genomics;Machine Learning;Transformer Language Models;Antibody Discovery & Development;Drug R&D","https://scholar.googleusercontent.com/citations?view_op=view_photo&user=RAFNEeAAAAAJ&citpid=4"
"Sandro Sousa","IT university of Copenhagen",36,4,1,"Complexity;Networks;Computational Social Science;Cities;Inequality","https://scholar.googleusercontent.com/citations?view_op=view_photo&user=38s9SVgAAAAJ&citpid=9"
"Sanja Lazarova-Molnar","Professor, Karlsruhe Institute of Technology & University of Southern Denmark",1955,23,58,"modeling & simulation;artificial intelligence;digital twins;data analytics;reliability analysis","https://scholar.googleusercontent.com/citations?view_op=view_photo&user=kcPJDIAAAAAJ&citpid=4"
"Sara Vera Marjanovic","Data Scientist, University of Copenhagen",9,2,0,"biases;natural language processing;cognitive science;psychology;networks","https://scholar.googleusercontent.com/citations?view_op=view_photo&user=f026qd8AAAAJ&citpid=1"
"Sarthak Yadav","PhD Fellow at Pioneer Center for AI and AAU, Denmark",315,4,3,"Deep Learning;Spoken Language Understanding;Audio processing","https://scholar.googleusercontent.com/citations?view_op=view_photo&user=cVsg9VsAAAAJ&citpid=3"
"Satya Mahesh Muddamsetty","Postodc, Aalborg University",157,8,7,"Computer Vision;Pattern Recognition;Explainable AI (XAI);Image/video Analysis;Machine/Deep Learning","N/A"
"Sebastian Weichwald","University of Copenhagen / formerly Max Planck Institute for Intelligent Systems, ETH Zurich",668,10,10,"","https://scholar.googleusercontent.com/citations?view_op=view_photo&user=lApaQd4AAAAJ&citpid=7"
"Sebastian Felix Schwemer","Centre for Information and Innovation Law, University of Copenhagen",181,8,8,"Regulation of & by technology;Internet Regulation;Copyright;Legal Informatics;Startups","https://scholar.googleusercontent.com/citations?view_op=view_photo&user=lPJ_34IAAAAJ&citpid=2"
"Sergio Escalera","Prof., ICREA Academy, University of Barcelona, Computer Vision Center, ELLIS & IAPR & AAIA Fellow",14170,62,203,"Human Behavior Analysis;Machine Learning;Computer Vision;Affective Computing;Social Signal Processing","https://scholar.googleusercontent.com/citations?view_op=view_photo&user=oI6AIkMAAAAJ&citpid=10"
"Sergios Theodoridis","National and Kapodistrian University of Athens, Greece and Aalborg University Denmark",22756,50,154,"Signal Processing;Machine Learning","https://scholar.googleusercontent.com/citations?view_op=view_photo&user=3dBjdv4AAAAJ&citpid=1"
"Shashi Raj Pandey","Assistant Professor, Aalborg University",1416,17,22,"Network Economics;Game Theory;Wireless Networks;Distributed Learning;Semantic Communications","https://scholar.googleusercontent.com/citations?view_op=view_photo&user=yFmz36AAAAAJ&citpid=6"
"Shuai Zhao","Assistant Professor, AAU Energy, Aalborg University",1027,14,18,"Physics-informed AI;Power Electronics Reliability;Condition Monitoring;Remaining Useful Life","https://scholar.googleusercontent.com/citations?view_op=view_photo&user=-QHLgIAAAAAJ&citpid=8"
"Shuai Zhang","Professor (promotion program), Aalborg University",5683,38,94,"Antennas;Electromagnetics","https://scholar.googleusercontent.com/citations?view_op=view_photo&user=1NEiHdQAAAAJ&citpid=6"
"Siavash Bigdeli","Associate Professor, Technical University of Denmark",477,9,8,"Image processing;Deep learning","https://scholar.googleusercontent.com/citations?view_op=view_photo&user=NhEK9voAAAAJ&citpid=1"
"Siavash Bigdeli","Associate Professor, Technical University of Denmark",477,9,8,"Image processing;Deep learning","https://scholar.googleusercontent.com/citations?view_op=view_photo&user=NhEK9voAAAAJ&citpid=1"
"Silvia Tolu","Associate Professor",625,13,16,"Neurorobotics;Neuromorphic;Cerebellum;Bioinspired Control;Motor learning and control","https://scholar.googleusercontent.com/citations?view_op=view_photo&user=ITsafnMAAAAJ&citpid=8"
"Simon Bøgh","Aalborg University",1870,20,31,"Artificial Intelligence;Reinforcement Learning;Machine Learning;Robotics","https://scholar.googleusercontent.com/citations?view_op=view_photo&user=l3u9RVgAAAAJ&citpid=3"
"Sine Zambach","Assistant Professor",78,5,2,"Data Science;Artificial Intelligence;Learning Analytics;Bioinformatics;Biomedical Ontologies","https://scholar.googleusercontent.com/citations?view_op=view_photo&user=sI4U54wAAAAJ&citpid=1"
"Sine N. Just","Roskilde Uiversity",1073,17,28,"","https://scholar.googleusercontent.com/citations?view_op=view_photo&user=6qSnRigAAAAJ&citpid=1"
"Sneha Das","Technical University of Denmark",98,6,4,"Speech-tech;Multisensory data;Privacy in ML;Multidevice Speech Processing","https://scholar.googleusercontent.com/citations?view_op=view_photo&user=eL0_3FUAAAAJ&citpid=3"
"Sokol Kosta","Associate Professor, Aalborg University",3335,22,41,"mobile cloud computing;edge computing;distributed systems;device-to-device offloading;pervasive computing","https://scholar.googleusercontent.com/citations?view_op=view_photo&user=NOi_xTgAAAAJ&citpid=6"
"Søren Knudsen","Assistant Professor, Digital Design Department, IT University of Copenhagen",360,9,9,"Human Computer Interaction;Information Visualization","https://scholar.googleusercontent.com/citations?view_op=view_photo&user=wpsOZm0AAAAJ&citpid=4"
"Søren Hauberg","Cognitive Systems, DTU Compute, Technical University of Denmark",4979,28,49,"Machine Learning;Computer Vision;Geometric Statistics","https://scholar.googleusercontent.com/citations?view_op=view_photo&user=M1fMGOMAAAAJ&citpid=3"
"Søren Kyllingsbæk","Professor of Cognitive Psychology, University of Copenhagen",3432,27,37,"Cognitive Modeling;Experimental Psychology;Visual Attention;Visual Short-Term Memory;Intentional Actions","https://scholar.googleusercontent.com/citations?view_op=view_photo&user=TIMCthYAAAAJ&citpid=3"
"Srishti Yadav","PhD Student, University of Copenhagen",63,4,3,"Computer Vision;Natural Language Processing","https://scholar.googleusercontent.com/citations?view_op=view_photo&user=LW9fQacAAAAJ&citpid=2"
"Stefan Heinrich","Assistant Professor, IT University of Copenhagen",740,13,20,"Recurrent Neural Networks;Natural Language Processing;Developmental Robotics","https://scholar.googleusercontent.com/citations?view_op=view_photo&user=hHx7vgoAAAAJ&citpid=3"
"Stefan Sommer","Professor at University of Copenhagen",1124,20,29,"","https://scholar.googleusercontent.com/citations?view_op=view_photo&user=GGh0haAAAAAJ&citpid=2"
"Stella Grasshof","IT University of Copenhagen",55,5,2,"Machine Learning;Computer Vision;Registration;3D Reconstruction;Facial Animation","https://scholar.googleusercontent.com/citations?view_op=view_photo&user=kSuLm58AAAAJ&citpid=1"
"Stella Frank","Pioneer Centre for AI / University of Copenhagen",1584,15,17,"Multimodal NLP;cognitive modelling","N/A"
"Stina Matthiesen","Assistant professor, Department of Computer Science, University of Copenhagen",326,8,8,"Computer Supported Cooperative Work (CSCW);Ethnography;Co-design;Health Informatics;Workplace studies","https://scholar.googleusercontent.com/citations?view_op=view_photo&user=8WFwlh4AAAAJ&citpid=7"
"Stine Gotved","IT University of Copenhagen",390,7,7,"Cyber Sociology;Digital Culture;Death Online","https://scholar.googleusercontent.com/citations?view_op=view_photo&user=1KFd4wIAAAAJ&citpid=1"
"Subham Sahoo","Aalborg University",2033,25,39,"Microgrids;Renewable Energy;Power Electronics","https://scholar.googleusercontent.com/citations?view_op=view_photo&user=gi0pwoQAAAAJ&citpid=17"
"Sune Darkner","Associate Professor, datalogi Københavns Universitet",1131,15,24,"Machine Learning;image analysis;scale space of density estimation;similarity;simulation","N/A"
"Tariq Osman Andersen","Associate Professor, Dept. of Computer Science, University of Copenhagen",531,14,16,"Health Informatics;Participatory Design;Computer-Supported Cooperative Work;Human–computer interaction;Science and Technol","https://scholar.googleusercontent.com/citations?view_op=view_photo&user=FMtPAZ0AAAAJ&citpid=2"
"Tejs Vegge","Professor, Technical University of Denmark",16758,58,163,"Director of CAPeX - Pioneer Center for Accelerating P2X Materials Discovery","https://scholar.googleusercontent.com/citations?view_op=view_photo&user=rfnfcp0AAAAJ&citpid=8"
"Teresa Hirzle","Assistant Professor, University of Copenhagen",272,9,8,"Human-Computer Interaction","https://scholar.googleusercontent.com/citations?view_op=view_photo&user=ozJvIuoAAAAJ&citpid=3"
"Thea Brüsch","PhD student, Technical University of Denmark",N/A,0,0,"Artificial intelligence;Representation learning;Time series data;Machine learning;Explainability","https://scholar.googleusercontent.com/citations?view_op=view_photo&user=d5tGeskAAAAJ&citpid=1"
"Thomas Gammeltoft-Hansen","Professor in migration and mobility law; Director, MOBILE Center of Excellence",3099,26,43,"refugees;migration;international law;human rights;IL/IR theory","https://scholar.googleusercontent.com/citations?view_op=view_photo&user=UHqHqd0AAAAJ&citpid=2"
"Thomas Troels Hildebrandt","Professor, Computer Science Departement University of Copenhagen",2768,31,77,"Model-driven Software Engineering;Business Process and Case Management Technologies;Privacy & Security;Semantics;Concurrency","https://scholar.googleusercontent.com/citations?view_op=view_photo&user=g3QnDU0AAAAJ&citpid=3"
"Thomas Hamelryck","Dpt. of computer science / Dpt. of biology, University of Copenhagen",7968,31,49,"Deep probabilistic programming;Bayesian statistics;Bioinformatics","https://scholar.googleusercontent.com/citations?view_op=view_photo&user=YoTlzjkAAAAJ&citpid=5"
"Thomas Dyhre Nielsen","Aalborg University",9496,26,56,"Machine learning;data mining;Bayesian networks;influence diagrams","https://scholar.googleusercontent.com/citations?view_op=view_photo&user=6fWF0CgAAAAJ&citpid=2"
"Tijs Slaats","Associate Professor at Department of Computer Science, University of Copenhagen",2226,25,47,"Computer Science;Business Process Management","https://scholar.googleusercontent.com/citations?view_op=view_photo&user=c9fu-JIAAAAJ&citpid=1"
"Timothy P. Jenkins","Head of Data Science and Assistant Professor at DTU Bioengineering",1220,20,26,"Antibody technologies;animal toxins;BIG data;AI/ML;microbiome","https://scholar.googleusercontent.com/citations?view_op=view_photo&user=90oElWgAAAAJ&citpid=2"
"Toke Thomas Høye","Professor, Department of Ecoscience, Aarhus University, Denmark",9896,44,93,"Arctic ecology;Arthropods;Biodiversity;Global Change Biology;Deep Learning","https://scholar.googleusercontent.com/citations?view_op=view_photo&user=veyhhTsAAAAJ&citpid=3"
"Tomislav Dragičević","Professor, Technical University of Denmark",19152,70,223,"Microgrids;Electric Drives;Power Electronics;Power Systems;Smart Grids","https://scholar.googleusercontent.com/citations?view_op=view_photo&user=-cOE0hUAAAAJ&citpid=2"
"Tommy Sonne Alstrøm","Technical University of Denmark",976,13,17,"Machine Learning;Bayesian Inference;signal processing","N/A"
"Tor-Salve Dalsgaard","University of Copenhagen",57,4,1,"HCI;haptics;interactions","https://scholar.googleusercontent.com/citations?view_op=view_photo&user=RVTz6jgAAAAJ&citpid=1"
"Tuukka Ruotsalo","University of Copenhagen and University of Helsinki",2473,30,49,"Information Retrieval;Recommender Systems;Human-Computer Interaction;Affective computing","https://scholar.googleusercontent.com/citations?view_op=medium_photo&user=Dwj2B9EAAAAJ&citpid=3"
"Ulrik Schultz","University of Southern Denmark",1977,24,50,"programming languages;modular robots;agricultural robots;domain-specific languages;program generation","N/A"
"Vasiliki Fragkia","Research Assistant",22,1,1,"Architecture;Design;Research;Computational Design","https://scholar.googleusercontent.com/citations?view_op=view_photo&user=GM7M-0AAAAAJ&citpid=1"
"vedran sekara","Assistant Professor at the IT University of Copenhagen",1386,11,11,"Network Science;Computational Social Science;ML Bias & Fairness","https://scholar.googleusercontent.com/citations?view_op=view_photo&user=u_dmO4UAAAAJ&citpid=1"
"Vedrana Andersen Dahl","Associate professor at DTU Compute",563,13,21,"Image analysis;geometry processing","https://scholar.googleusercontent.com/citations?view_op=view_photo&user=UKzooBcAAAAJ&citpid=2"
"Vésteinn Snæbjarnarson","Pioneer Centre for AI / University of Copenhagen and Miðeind ehf",91,5,2,"natural language processing;computer vision;machine learning","https://scholar.googleusercontent.com/citations?view_op=view_photo&user=cp283P4AAAAJ&citpid=1"
"Wei Fan","Aalborg University",2527,27,78,"Radio propagation;Array Signal processing;antenna measurement;Over-the-air testing","https://scholar.googleusercontent.com/citations?view_op=view_photo&user=vP57OjMAAAAJ&citpid=1"
"Wouter Boomsma","Professor, Department of Computer Science, University of Copenhagen",3079,26,41,"Machine learning;Structural Bioinformatics;Biomolecular simulations","https://scholar.googleusercontent.com/citations?view_op=view_photo&user=EwqU_jsAAAAJ&citpid=3"
"Yevgeny Seldin","Professor, Department of Computer Science, University of Copenhagen",1823,23,37,"Machine Learning;Online Learning;Learning Theory","https://scholar.googleusercontent.com/citations?view_op=view_photo&user=fpWsD9oAAAAJ&citpid=1"
"Yijie Zhang","University of Copenhagen",81,5,3,"machine learning","https://scholar.googleusercontent.com/citations?view_op=view_photo&user=HVR4014AAAAJ&citpid=1"
"Yongluan Zhou","Professor of Computer Science, University of Copenhagen",1714,24,40,"Database Systems;Event-Based Systems;Distributed Systems","https://scholar.googleusercontent.com/citations?view_op=view_photo&user=Tqh1RIkAAAAJ&citpid=4"
